"",From,To,Count
"1",1,8,1
"2",1,11,1
"3",1,12,1
"4",2,5,1
"5",2,6,1
"6",2,8,1
"7",2,10,1
"8",2,11,1
"9",2,15,1
"10",2,16,1
"11",2,21,1
"12",3,4,1
"13",3,7,1
"14",3,8,1
"15",3,11,1
"16",4,3,1
"17",4,10,1
"18",5,2,1
"19",5,6,1
"20",5,8,1
"21",5,10,1
"22",5,11,1
"23",5,15,1
"24",5,16,1
"25",5,19,1
"26",5,21,1
"27",5,28,1
"28",6,1,1
"29",6,2,1
"30",6,3,1
"31",6,4,1
"32",6,5,1
"33",6,8,1
"34",6,10,1
"35",6,11,1
"36",6,12,1
"37",7,3,1
"38",8,1,1
"39",8,2,1
"40",8,3,1
"41",8,4,1
"42",8,5,1
"43",8,6,1
"44",8,7,1
"45",8,10,1
"46",8,11,1
"47",8,12,1
"48",8,13,1
"49",8,14,1
"50",8,15,1
"51",8,16,1
"52",8,17,1
"53",8,20,1
"54",8,21,1
"55",8,22,1
"56",8,24,1
"57",8,27,1
"58",8,28,1
"59",8,29,1
"60",9,1,1
"61",9,2,1
"62",9,8,1
"63",9,11,1
"64",9,26,1
"65",10,2,1
"66",10,5,1
"67",11,1,1
"68",11,2,1
"69",11,3,1
"70",11,4,1
"71",11,5,1
"72",11,6,1
"73",11,7,1
"74",11,8,1
"75",11,10,1
"76",11,12,1
"77",11,13,1
"78",11,14,1
"79",11,16,1
"80",11,19,1
"81",11,20,1
"82",11,21,1
"83",11,22,1
"84",12,1,1
"85",12,8,1
"86",12,11,1
"87",13,14,1
"88",13,18,1
"89",13,20,1
"90",13,21,1
"91",13,22,1
"92",13,23,1
"93",13,25,1
"94",13,29,1
"95",14,19,1
"96",14,20,1
"97",14,21,1
"98",14,22,1
"99",14,23,1
"100",14,26,1
"101",14,27,1
"102",15,14,1
"103",15,16,1
"104",15,19,1
"105",15,20,1
"106",15,21,1
"107",15,22,1
"108",15,23,1
"109",15,24,1
"110",16,14,1
"111",16,15,1
"112",16,20,1
"113",16,21,1
"114",16,22,1
"115",16,23,1
"116",17,24,1
"117",17,29,1
"118",18,13,1
"119",18,25,1
"120",19,14,1
"121",19,20,1
"122",19,21,1
"123",19,22,1
"124",19,23,1
"125",19,24,1
"126",20,14,1
"127",20,15,1
"128",20,16,1
"129",20,19,1
"130",20,21,1
"131",20,22,1
"132",20,23,1
"133",20,27,1
"134",21,14,1
"135",21,16,1
"136",21,19,1
"137",21,20,1
"138",21,22,1
"139",21,23,1
"140",22,14,1
"141",22,15,1
"142",22,19,1
"143",22,20,1
"144",22,21,1
"145",22,23,1
"146",22,26,1
"147",22,27,1
"148",23,14,1
"149",23,15,1
"150",23,16,1
"151",23,19,1
"152",23,20,1
"153",23,21,1
"154",23,22,1
"155",24,14,1
"156",24,15,1
"157",24,17,1
"158",24,19,1
"159",24,23,1
"160",24,26,1
"161",24,27,1
"162",24,28,1
"163",24,29,1
"164",25,13,1
"165",25,18,1
"166",26,20,1
"167",26,22,1
"168",26,27,1
"169",27,17,1
"170",27,26,1
"171",28,9,1
"172",28,13,1
"173",28,15,1
"174",28,23,1
"175",28,24,1
"176",28,29,1
"177",29,13,1
"178",29,23,1
"179",29,24,1
"180",29,27,1
"181",29,28,1
