"","From","To","Count"
"1",1,2,1
"2",1,5,1
"3",1,6,1
"4",1,11,1
"5",1,12,1
"6",1,14,1
"7",1,16,1
"8",2,5,1
"9",2,6,1
"10",2,8,1
"11",2,10,1
"12",2,15,1
"13",2,16,1
"14",2,21,1
"15",3,4,1
"16",3,7,1
"17",3,11,1
"18",4,3,1
"19",5,2,1
"20",5,6,1
"21",5,8,1
"22",5,11,1
"23",5,15,1
"24",5,16,1
"25",5,19,1
"26",5,21,1
"27",6,1,1
"28",6,2,1
"29",6,3,1
"30",6,4,1
"31",6,5,1
"32",6,8,1
"33",6,11,1
"34",6,14,1
"35",6,15,1
"36",6,16,1
"37",6,17,1
"38",6,19,1
"39",6,20,1
"40",6,21,1
"41",6,22,1
"42",6,23,1
"43",6,24,1
"44",6,26,1
"45",6,27,1
"46",6,29,1
"47",7,3,1
"48",8,1,1
"49",8,2,1
"50",8,3,1
"51",8,4,1
"52",8,5,1
"53",8,6,1
"54",8,7,1
"55",8,10,1
"56",8,11,1
"57",8,12,1
"58",8,14,1
"59",8,16,1
"60",8,17,1
"61",8,19,1
"62",8,20,1
"63",8,21,1
"64",8,22,1
"65",8,23,1
"66",8,24,1
"67",9,3,1
"68",9,8,1
"69",9,11,1
"70",9,16,1
"71",9,23,1
"72",9,26,1
"73",10,2,1
"74",10,5,1
"75",10,8,1
"76",10,11,1
"77",11,1,1
"78",11,2,1
"79",11,3,1
"80",11,4,1
"81",11,5,1
"82",11,6,1
"83",11,7,1
"84",11,8,1
"85",11,10,1
"86",11,12,1
"87",11,14,1
"88",11,16,1
"89",11,20,1
"90",11,21,1
"91",11,22,1
"92",11,23,1
"93",12,1,1
"94",12,2,1
"95",12,3,1
"96",12,5,1
"97",12,6,1
"98",12,11,1
"99",12,14,1
"100",12,15,1
"101",12,16,1
"102",13,14,1
"103",13,15,1
"104",13,16,1
"105",13,18,1
"106",13,20,1
"107",13,21,1
"108",13,22,1
"109",13,23,1
"110",13,24,1
"111",13,25,1
"112",14,15,1
"113",14,16,1
"114",14,17,1
"115",14,19,1
"116",14,20,1
"117",14,21,1
"118",14,22,1
"119",14,23,1
"120",14,24,1
"121",14,26,1
"122",14,27,1
"123",15,16,1
"124",15,21,1
"125",16,14,1
"126",16,15,1
"127",16,17,1
"128",16,20,1
"129",16,21,1
"130",16,22,1
"131",17,24,1
"132",18,25,1
"133",19,14,1
"134",19,15,1
"135",19,16,1
"136",19,20,1
"137",19,21,1
"138",19,22,1
"139",19,23,1
"140",19,24,1
"141",19,27,1
"142",19,28,1
"143",19,29,1
"144",20,14,1
"145",20,15,1
"146",20,16,1
"147",20,19,1
"148",20,21,1
"149",20,22,1
"150",20,23,1
"151",20,27,1
"152",21,14,1
"153",21,16,1
"154",21,19,1
"155",21,20,1
"156",21,22,1
"157",21,23,1
"158",22,14,1
"159",22,15,1
"160",22,16,1
"161",22,19,1
"162",22,20,1
"163",22,21,1
"164",22,23,1
"165",22,26,1
"166",22,27,1
"167",23,14,1
"168",23,15,1
"169",23,16,1
"170",23,19,1
"171",23,20,1
"172",23,21,1
"173",23,22,1
"174",23,24,1
"175",24,15,1
"176",24,16,1
"177",24,17,1
"178",24,19,1
"179",24,26,1
"180",24,27,1
"181",24,29,1
"182",25,18,1
"183",26,20,1
"184",26,22,1
"185",26,27,1
"186",27,26,1
"187",28,13,1
"188",28,15,1
"189",28,23,1
"190",28,24,1
"191",28,26,1
"192",28,27,1
"193",28,29,1
"194",29,13,1
"195",29,23,1
"196",29,24,1
"197",29,27,1
"198",29,28,1
